Coordinates,:LABEL,nid:ID
"0.0,0.0,0.0",IfcCartesianPoint,15
"0.0,0.0,0.0",IfcCartesianPoint,22
"0.0,0.0,0.0",IfcCartesianPoint,29
"0.0,0.0,0.0",IfcCartesianPoint,39
"0.0,0.0,0.0",IfcCartesianPoint,45
"-5000.0,-180.0",IfcCartesianPoint,51
"5000.0,-180.0",IfcCartesianPoint,52
"5000.0,180.0",IfcCartesianPoint,53
"-5000.0,180.0",IfcCartesianPoint,54
"0.0,0.0,0.0",IfcCartesianPoint,58
"-5000.0,0.0",IfcCartesianPoint,63
"5000.0,0.0",IfcCartesianPoint,64
"0.0,0.0,0.0",IfcCartesianPoint,68
"-5050.0,-2730.0",IfcCartesianPoint,81
"5050.0,-2730.0",IfcCartesianPoint,82
"5050.0,2730.0",IfcCartesianPoint,83
"-5050.0,2730.0",IfcCartesianPoint,84
"0.0,0.0,0.0",IfcCartesianPoint,88
"0.0,2500.0,-2000.0",IfcCartesianPoint,95
"-3000.0,-1815.0",IfcCartesianPoint,105
"3000.0,-1815.0",IfcCartesianPoint,106
"3000.0,1815.0",IfcCartesianPoint,107
"-3000.0,1815.0",IfcCartesianPoint,108
"0.0,0.0,0.0",IfcCartesianPoint,112
"-2500.0,0.0,400.0",IfcCartesianPoint,119
"-930.0,-1500.0",IfcCartesianPoint,126
"930.0,-1500.0",IfcCartesianPoint,127
"930.0,1500.0",IfcCartesianPoint,128
"-930.0,1500.0",IfcCartesianPoint,129
"0.0,0.0,0.0",IfcCartesianPoint,133
"3000.0,0.0,400.0",IfcCartesianPoint,140
"0.0,0.0,0.0",IfcCartesianPoint,147
"0.0,0.0,0.0",IfcCartesianPoint,154
"-5100.0,-180.0",IfcCartesianPoint,156
"5100.0,-180.0",IfcCartesianPoint,157
"5100.0,180.0",IfcCartesianPoint,158
"-5100.0,180.0",IfcCartesianPoint,159
"0.0,0.0,0.0",IfcCartesianPoint,165
"0.0,0.0,0.0",IfcCartesianPoint,168
"0.0,-400.0,2700.0",IfcCartesianPoint,175
"0.0,0.0,0.0",IfcCartesianPoint,178
"0.0,5400.0,2700.0",IfcCartesianPoint,185
"-5000.0,-180.0",IfcCartesianPoint,201
"5000.0,-180.0",IfcCartesianPoint,202
"5000.0,180.0",IfcCartesianPoint,203
"-5000.0,180.0",IfcCartesianPoint,204
"0.0,0.0,0.0",IfcCartesianPoint,208
"-5000.0,0.0",IfcCartesianPoint,213
"5000.0,0.0",IfcCartesianPoint,214
"0.0,5000.0,0.0",IfcCartesianPoint,218
"-2500.0,-180.0",IfcCartesianPoint,226
"2500.0,-180.0",IfcCartesianPoint,227
"2500.0,180.0",IfcCartesianPoint,228
"-2500.0,180.0",IfcCartesianPoint,229
"0.0,0.0,0.0",IfcCartesianPoint,233
"-2500.0,0.0,3000.0",IfcCartesianPoint,240
"2500.0,0.0,3000.0",IfcCartesianPoint,247
"0.0,0.0,0.0",IfcCartesianPoint,254
"0.0,0.0,0.0",IfcCartesianPoint,257
"4820.0,2500.0,0.0",IfcCartesianPoint,264
"0.0,0.0,0.0",IfcCartesianPoint,270
"-4820.0,2500.0,0.0",IfcCartesianPoint,277
"-2500.0,0.0",IfcCartesianPoint,283
"2500.0,0.0",IfcCartesianPoint,284
"-2500.0,0.0",IfcCartesianPoint,287
"2500.0,0.0",IfcCartesianPoint,288
"-3000.0,-1815.0",IfcCartesianPoint,292
"3000.0,-1815.0",IfcCartesianPoint,293
"3000.0,1815.0",IfcCartesianPoint,294
"-3000.0,1815.0",IfcCartesianPoint,295
"0.0,0.0,0.0",IfcCartesianPoint,299
"2500.0,2320.0,400.0",IfcCartesianPoint,306
"-10000.0,-10000.0,-4130.0",IfcCartesianPoint,311
"-10000.0,10000.0,-7130.0",IfcCartesianPoint,312
"-10000.0,-6466.595796178205,-4289.813",IfcCartesianPoint,313
"-10000.0,-3224.672057016545,-4743.008",IfcCartesianPoint,314
"-10000.0,742.0189351067711,-5623.347810147949",IfcCartesianPoint,315
"-10000.0,5141.193946217509,-6632.333188967221",IfcCartesianPoint,316
"-10000.0,7488.647077289785,-6988.880257733247",IfcCartesianPoint,317
"10000.0,-10000.0,-6130.0",IfcCartesianPoint,318
"-2188.73139257227,-10000.0,-5250.124341178042",IfcCartesianPoint,319
"927.8463648834022,-10000.0,-5637.39216582838",IfcCartesianPoint,320
"4197.144744195497,-10000.0,-5936.559900346417",IfcCartesianPoint,321
"6849.128689732257,-10000.0,-6076.024864472256",IfcCartesianPoint,322
"10000.0,10000.0,-8130.0",IfcCartesianPoint,323
"10000.0,-3134.814814814816,-4969.506172839507",IfcCartesianPoint,324
"10000.0,0.0,-4755.0",IfcCartesianPoint,325
"10000.0,2516.445857916915,-4936.967627325598",IfcCartesianPoint,326
"10000.0,4758.238670084807,-5453.271283993185",IfcCartesianPoint,327
"10000.0,6939.51228852737,-6314.743037616941",IfcCartesianPoint,328
"10000.0,8435.269565007566,-7114.840171353966",IfcCartesianPoint,329
"-6270.293780998549,10000.0,-5653.099730920667",IfcCartesianPoint,330
"-3497.25143797288,10000.0,-4894.569924659454",IfcCartesianPoint,331
"-1173.638854722438,10000.0,-4583.593376189139",IfcCartesianPoint,332
"942.2272987060096,10000.0,-4629.550732671345",IfcCartesianPoint,333
"3068.346807272716,10000.0,-5014.553557514004",IfcCartesianPoint,334
"5687.825791515554,10000.0,-5907.603771239672",IfcCartesianPoint,335
"7705.613806796846,10000.0,-6849.670174327552",IfcCartesianPoint,336
"4403.693450466373,1755.241160857926,-160.8996998311359",IfcCartesianPoint,337
"1417.786195006922,1816.704198917872,-247.205899746421",IfcCartesianPoint,338
"4412.099169376737,909.9666524484651,-172.1161597136988",IfcCartesianPoint,339
"1386.649570748095,3817.878730876898,-310.9177146463571",IfcCartesianPoint,340
"-3883.085277171125,9024.79481432891,-3377.228022894593",IfcCartesianPoint,341
"-5504.42046619663,8187.366348222875,-3253.056775623446",IfcCartesianPoint,342
"-4094.502985469086,8319.078984588561,-2704.058868855618",IfcCartesianPoint,343
"-5265.546476523668,8931.27461674903,-3868.00222851321",IfcCartesianPoint,344
"-2695.80111982295,7990.855294120374,-1990.471737191741",IfcCartesianPoint,345
"-4208.624898843435,7873.25338475754,-2387.028610721517",IfcCartesianPoint,346
"-2927.209428237676,6389.120598098261,-1254.021326783744",IfcCartesianPoint,347
"-1593.747092678314,6470.439166737551,-1032.615473283816",IfcCartesianPoint,348
"7273.542610672135,-1034.03277732645,-962.5973454503073",IfcCartesianPoint,349
"7138.85398904387,-2754.315248967957,-1315.974802003757",IfcCartesianPoint,350
"8127.22252642658,-2838.395105634179,-1974.779881317794",IfcCartesianPoint,351
"5742.463254779614,-920.3805954523233,-457.8846318987116",IfcCartesianPoint,352
"5611.206010325384,-2669.315163865792,-786.4003376703172",IfcCartesianPoint,353
"8740.35914571298,-3003.83841648767,-2634.335978869015",IfcCartesianPoint,354
"8118.167336838422,-2933.965336561043,-2000.304418324613",IfcCartesianPoint,355
"7918.898670216484,-4614.848989352279,-2563.9813724105",IfcCartesianPoint,356
"8577.879993128248,-4664.233275464053,-3143.562014530026",IfcCartesianPoint,357
"5786.165726769292,834.5611271994446,-315.254830733792",IfcCartesianPoint,358
"4375.142262822365,-860.7209976029582,-296.3379415003246",IfcCartesianPoint,359
"8747.742541987562,-2909.602609228567,-2610.946442416045",IfcCartesianPoint,360
"-2614.454582917792,8423.707791505187,-2322.124711384935",IfcCartesianPoint,361
"5776.225752635013,1672.190973325719,-305.0306094885118",IfcCartesianPoint,362
"-1462.102640167463,8059.621817801715,-1785.922512571223",IfcCartesianPoint,363
"8245.858881990975,-1148.301169807199,-1630.899538286164",IfcCartesianPoint,364
"9423.473458762117,-3012.479680974803,-3630.837450319863",IfcCartesianPoint,365
"9419.157770933081,-3104.739862228533,-3649.563100990185",IfcCartesianPoint,366
"-2463.755230778033,9099.100851120456,-3036.894636924144",IfcCartesianPoint,367
"1281.894332595168,6175.775904193164,-682.8665422391869",IfcCartesianPoint,368
"-1617.491612275242,6098.381035142713,-931.7816173824294",IfcCartesianPoint,369
"-1722.541221754007,3749.084307949851,-613.7034913819216",IfcCartesianPoint,370
"1365.68924005487,3817.854574302663,-312.3260323794311",IfcCartesianPoint,371
"1301.595490230709,6175.821093801711,-682.168931729705",IfcCartesianPoint,372
"-1415.825907979692,8484.906574756697,-2128.90393792568",IfcCartesianPoint,373
"4316.263298264785,3747.304995939905,-268.2182251113381",IfcCartesianPoint,374
"7318.387569428604,688.2595853629598,-808.5754791774834",IfcCartesianPoint,375
"1262.954044933249,6547.463982905446,-797.9913332863425",IfcCartesianPoint,376
"-8809.701109867556,-4698.857596653512,-3102.361134766923",IfcCartesianPoint,377
"-8608.124220184485,-6382.513828673162,-3282.768276955321",IfcCartesianPoint,378
"1282.370589808283,6547.510673092053,-797.4530084138905",IfcCartesianPoint,379
"8844.475936377235,-1245.954609594514,-2293.459991248856",IfcCartesianPoint,380
"-1330.095478324487,9142.577547437413,-2871.458992887386",IfcCartesianPoint,381
"7308.187740682137,1510.033954314673,-801.7576951883148",IfcCartesianPoint,382
"8285.359193212415,539.5196891564632,-1481.97106428559",IfcCartesianPoint,383
"9480.015342375482,-1388.033278795605,-3374.226139247968",IfcCartesianPoint,384
"5672.837397551188,3648.182414812827,-441.5549781408336",IfcCartesianPoint,385
"8876.68359452486,411.6364290021134,-2157.562069504082",IfcCartesianPoint,386
"-6056.278763954398,-4541.556703210697,-1708.839606133986",IfcCartesianPoint,387
"-7430.371758211652,-4605.993871799029,-2214.335414655874",IfcCartesianPoint,388
"-7129.689749815467,-6317.261653448147,-2623.29495650219",IfcCartesianPoint,389
"1157.945232711441,8125.179491695522,-1636.07429285239",IfcCartesianPoint,390
"-7646.46231591462,-2936.95484917785,-2052.368529867627",IfcCartesianPoint,391
"-8961.151040567998,-2970.595069707157,-3096.437950110588",IfcCartesianPoint,392
"-8954.567983492565,-3063.161984967233,-3092.897822817208",IfcCartesianPoint,393
"1175.783826477305,8125.223529890885,-1636.345150493768",IfcCartesianPoint,394
"8276.374985821818,1344.551312230036,-1479.298956697363",IfcCartesianPoint,395
"-7656.281927805349,-2842.246518867997,-2048.62200312371",IfcCartesianPoint,396
"4077.435506812963,6101.565055908783,-775.2175022360061",IfcCartesianPoint,397
"-9047.398809573682,-1340.552316845334,-3216.833615741436",IfcCartesianPoint,398
"-1353.189129475744,-8037.344554286015,-3143.973303707682",IfcCartesianPoint,399
"-2504.349898051166,-8043.798198643155,-3126.41820872563",IfcCartesianPoint,400
"1138.315577665055,8543.351598130612,-2010.520299702088",IfcCartesianPoint,401
"1121.031678149438,8543.311736308588,-2010.001489662423",IfcCartesianPoint,402
"-4582.930447901875,-4492.821809144552,-1389.466511591995",IfcCartesianPoint,403
"-4301.531997460414,-6238.805619765392,-2005.981053786315",IfcCartesianPoint,404
"-2762.025655522823,-6214.63828609692,-1863.864698606541",IfcCartesianPoint,405
"8869.358075524731,1201.984421165334,-2158.741760489906",IfcCartesianPoint,406
"-6284.774211524097,-2848.680885694742,-1471.233254059739",IfcCartesianPoint,407
"7202.096567607798,3452.639254173511,-971.7632653710507",IfcCartesianPoint,408
"9498.841122964823,224.7123438181309,-3267.931311298962",IfcCartesianPoint,409
"-6295.157527841958,-2752.436967857323,-1463.973347968411",IfcCartesianPoint,410
"-7784.933344369483,-1170.0309309693,-2054.595753543299",IfcCartesianPoint,411
"1052.647098186857,9184.117849470065,-2810.423645221747",IfcCartesianPoint,412
"1068.903393242248,9184.14668857668,-2811.345219959778",IfcCartesianPoint,413
"9494.559265129417,993.2762630706638,-3275.075034035102",IfcCartesianPoint,414
"8182.927818726817,3251.873112671791,-1665.825439135781",IfcCartesianPoint,415
"-2962.607548667244,-4456.815557664827,-1183.51418356944",IfcCartesianPoint,416
"-1499.776709887425,-6202.645063069373,-1807.000964805932",IfcCartesianPoint,417
"5326.581739919058,6368.064295679737,-1183.458033249248",IfcCartesianPoint,418
"4023.452905615706,6474.102497474668,-918.8819845469561",IfcCartesianPoint,419
"5390.417524261078,5994.579720120949,-1025.020158419963",IfcCartesianPoint,420
"-4785.162528288024,-2781.001772612225,-1106.916843439344",IfcCartesianPoint,421
"8793.163374278269,3078.349113075524,-2350.051976313672",IfcCartesianPoint,422
"-4794.352381664109,-2683.531462018158,-1097.633266495942",IfcCartesianPoint,423
"-6431.194304833876,-1049.937522369863,-1413.169391372837",IfcCartesianPoint,424
"6846.788961910479,6157.374054531589,-1800.873599200039",IfcCartesianPoint,425
"1087.601313912352,-8036.090709547896,-3280.960898024209",IfcCartesianPoint,426
"1071.068207705757,-8036.042504861049,-3279.558426532433",IfcCartesianPoint,427
"6912.293565784621,5782.145962145848,-1629.724401257115",IfcCartesianPoint,428
"9450.02250554381,2823.70001764972,-3461.79050033147",IfcCartesianPoint,429
"-7827.768198568995,496.776695313413,-2162.919766565288",IfcCartesianPoint,430
"-1613.884512184928,-4438.108401777292,-1079.488319755687",IfcCartesianPoint,431
"-7818.025561061229,1291.582288488878,-2241.665130473522",IfcCartesianPoint,432
"-9069.583795462997,1049.731003437688,-3546.422457313766",IfcCartesianPoint,433
"-9076.11524899625,278.2410975183119,-3423.930155171133",IfcCartesianPoint,434
"-3106.759350053328,-2729.786790131878,-865.1242301901493",IfcCartesianPoint,435
"4848.250800018059,8409.69503304186,-2641.28037958415",IfcCartesianPoint,436
"3618.953319135542,8488.968708127359,-2301.740573778139",IfcCartesianPoint,437
"3724.16237035288,8063.978244731834,-1891.207208467525",IfcCartesianPoint,438
"4972.66315057889,7974.817464138516,-2217.545482806155",IfcCartesianPoint,439
"7869.965974328552,5940.155498752352,-2517.939339478144",IfcCartesianPoint,440
"7927.663702483838,5563.212125478634,-2345.486996097638",IfcCartesianPoint,441
"-3113.30991273412,-2631.324367772404,-854.2196356837485",IfcCartesianPoint,442
"4617.769437921957,9089.348031004787,-3506.438708412017",IfcCartesianPoint,443
"3424.047224040474,9145.607193501044,-3154.537610783674",IfcCartesianPoint,444
"-4914.753031710804,-956.7925520218718,-1013.27743375702",IfcCartesianPoint,445
"8537.981382391608,5751.998364807755,-3186.973285287669",IfcCartesianPoint,446
"8585.026801702421,5373.606770930089,-3019.589803711304",IfcCartesianPoint,447
"1206.286875229969,-6198.598724424315,-1828.289119378182",IfcCartesianPoint,448
"1187.996702692897,-6198.527463520788,-1827.461641801985",IfcCartesianPoint,449
"6355.953311312283,8251.826327355006,-3300.829550062325",IfcCartesianPoint,450
"6483.618097208451,7797.31657112884,-2875.360577304796",IfcCartesianPoint,451
"-6476.488135744128,651.3792806345143,-1464.59588473053",IfcCartesianPoint,452
"9300.865427199598,5475.417284813833,-4233.499450457706",IfcCartesianPoint,453
"-1695.890145871657,-2702.044784957994,-729.9864132831212",IfcCartesianPoint,454
"9328.364065492991,5094.938411092524,-4081.14567616898",IfcCartesianPoint,455
"7550.078018578781,7614.110727517564,-3575.651786024994",IfcCartesianPoint,456
"-6466.186212598988,1462.943545642832,-1514.07249682721",IfcCartesianPoint,457
"6119.446617142316,8977.27165206471,-4151.679444165668",IfcCartesianPoint,458
"-1699.616655276866,-2602.986503741215,-717.6050020180614",IfcCartesianPoint,459
"7437.628394033418,8088.8533860894,-3985.464483918845",IfcCartesianPoint,460
"8185.463122156747,7947.587288534576,-4586.399495692382",IfcCartesianPoint,461
"8277.151996350232,7455.322133967976,-4199.383695035738",IfcCartesianPoint,462
"-7716.689757517002,3177.110540570359,-2496.754242808731",IfcCartesianPoint,463
"7229.308701369631,8861.548068513266,-4793.755529909673",IfcCartesianPoint,464
"-3199.131957184962,-884.9096620216446,-743.3220937032884",IfcCartesianPoint,465
"8015.603968158692,8761.2273124477,-5343.019304163617",IfcCartesianPoint,466
"-4954.840769786394,772.1844979580236,-1026.65817071015",IfcCartesianPoint,467
"1279.017057565156,-4428.304366814959,-994.7214841037676",IfcCartesianPoint,468
"9094.814077843526,7739.826225368005,-5483.696111104255",IfcCartesianPoint,469
"9148.407376062802,7221.8077588435,-5141.57313211194",IfcCartesianPoint,470
"8995.5292695659,8613.672999588618,-6146.022649150069",IfcCartesianPoint,471
"1298.674978835777,-4428.379034568397,-994.8129703175655",IfcCartesianPoint,472
"-8816.073224677772,5159.005338312351,-4424.96778126086",IfcCartesianPoint,473
"-9001.648383560783,2886.181679862164,-3890.588942830611",IfcCartesianPoint,474
"-8349.17024919735,-8139.486616037496,-3697.065508836987",IfcCartesianPoint,475
"-9168.428399644046,-8162.239830920421,-3909.001810942849",IfcCartesianPoint,476
"-8197.917532921145,-9054.721570465548,-4015.348808500033",IfcCartesianPoint,477
"4679.855399633807,-8065.621578951471,-3789.098448704009",IfcCartesianPoint,478
"3476.55009128938,-8051.396878962379,-3567.205790259034",IfcCartesianPoint,479
"-7719.366367222274,-7222.364729920522,-3177.907290289738",IfcCartesianPoint,480
"-6743.421263378357,-8101.964419402356,-3395.874704730593",IfcCartesianPoint,481
"-4945.722954215979,1597.182688587908,-1054.534895161913",IfcCartesianPoint,482
"-8019.390363548662,-5491.327129445333,-2730.129854598825",IfcCartesianPoint,483
"-8774.12739528664,5538.581879493458,-4528.68902337153",IfcCartesianPoint,484
"-9475.929030652067,-3941.836339906653,-3760.6016228319",IfcCartesianPoint,485
"-1748.439431487845,-844.6975153169633,-583.5726891935046",IfcCartesianPoint,486
"-9304.04972791902,-3649.356737723665,-3529.398869466521",IfcCartesianPoint,487
"-3036.032410245012,-9005.201563904477,-4025.68860273317",IfcCartesianPoint,488
"-4232.935266560236,-8691.881541332745,-3689.667525137286",IfcCartesianPoint,489
"-4371.519220936439,-9013.8804749404,-3977.07724061991",IfcCartesianPoint,490
"-3940.035963435818,-8057.259528662528,-3151.163947232433",IfcCartesianPoint,491
"-8245.089184836477,-3818.617627234685,-2536.822773493553",IfcCartesianPoint,492
"-6359.033128115301,3383.759920831767,-1697.734222134101",IfcCartesianPoint,493
"-3227.706650408984,866.5684431573777,-727.7275229047063",IfcCartesianPoint,494
"-3386.686394006672,-7125.540846141204,-2442.686294260136",IfcCartesianPoint,495
"-8404.494238248948,-2074.384496041615,-2522.001628779831",IfcCartesianPoint,496
"-9581.251737856053,-267.9345789007698,-4242.93047190535",IfcCartesianPoint,497
"-2035.890616756905,-7111.924242024111,-2389.303700853798",IfcCartesianPoint,498
"1344.430480042875,-2683.142705579285,-555.7374259045218",IfcCartesianPoint,499
"-131.7144991312254,-8997.000051250212,-4219.318377566803",IfcCartesianPoint,500
"-8479.38929297335,-427.4975902965958,-2629.75889190248",IfcCartesianPoint,501
"1365.071358651736,-2683.206356411234,-555.1085539973383",IfcCartesianPoint,502
"-149.0256832739075,-7103.916313122372,-2399.269418669502",IfcCartesianPoint,503
"1347.403004284579,-2583.462548053313,-538.8175357189211",IfcCartesianPoint,504
"-9564.564977022905,1806.668712796523,-4659.699868760747",IfcCartesianPoint,505
"2131.630442036243,-9000.980376142787,-4447.549040919544",IfcCartesianPoint,506
"1368.08855055347,-2583.525236542888,-538.150919148201",IfcCartesianPoint,507
"-8447.987805163093,2109.28741556544,-2952.781852653154",IfcCartesianPoint,508
"2403.484393739203,-7113.012363606759,-2569.546459589215",IfcCartesianPoint,509
"3809.813472825939,-6223.697218271101,-2080.234530507395",IfcCartesianPoint,510
"-8289.127154240932,4186.021752255536,-3348.861259718726",IfcCartesianPoint,511
"-7439.876718238962,5474.575899647046,-2993.421373276831",IfcCartesianPoint,512
"5188.94968823573,-9020.525505225442,-4882.528877572192",IfcCartesianPoint,513
"6183.155653852669,-8089.954762922123,-4164.559987547344",IfcCartesianPoint,514
"2614.503289180721,-5317.959500534483,-1415.074950889731",IfcCartesianPoint,515
"4069.234850452696,-4460.864560936423,-1155.094827901917",IfcCartesianPoint,516
"-3221.207436551955,1702.496480407018,-739.5068267254919",IfcCartesianPoint,517
"-9348.948970825539,6229.88181668995,-5697.979310232995",IfcCartesianPoint,518
"-8541.571174354602,7274.076068432937,-5075.451005770532",IfcCartesianPoint,519
"5644.133930196975,-7161.333673340435,-3195.066753695136",IfcCartesianPoint,520
"5073.94773459046,-6248.081601541952,-2340.181241364578",IfcCartesianPoint,521
"6587.550501621132,-6290.614874473034,-2847.214945215884",IfcCartesianPoint,522
"2773.24631158482,-3565.999340573753,-748.6378767432099",IfcCartesianPoint,523
"-7377.308254934467,5851.514231169816,-3105.224613948073",IfcCartesianPoint,524
"4255.672710404642,-2722.783226519827,-609.3209366441852",IfcCartesianPoint,525
"4264.144841005476,-2623.52673171114,-586.5846660070792",IfcCartesianPoint,526
"-7954.416156537078,6564.445584233517,-4028.716962985404",IfcCartesianPoint,527
"-7030.415951531964,7537.592044801763,-3774.967887941203",IfcCartesianPoint,528
"-9189.523760514,8095.524703232139,-6173.187658643952",IfcCartesianPoint,529
"-4850.886092364196,3546.302201004868,-1180.260130997912",IfcCartesianPoint,530
"-8459.821113874197,7786.173783349774,-5264.869063064396",IfcCartesianPoint,531
"-8308.374210041686,8646.46810350651,-5620.064106313057",IfcCartesianPoint,532
"-9069.603541377797,9270.78757574365,-6486.495585128141",IfcCartesianPoint,533
"-1764.695113364225,920.4011843290782,-547.7980097614045",IfcCartesianPoint,534
"8700.185486257476,-8148.381418127337,-5114.772448653201",IfcCartesianPoint,535
"8061.359810781374,-8131.3450124563,-4829.256216822538",IfcCartesianPoint,536
"8923.11663032816,-9064.900389353463,-5674.877688684961",IfcCartesianPoint,537
"9022.274134093052,-8157.564665817878,-5271.52714458454",IfcCartesianPoint,538
"-7314.959992867774,9375.591383890602,-5466.92077709124",IfcCartesianPoint,539
"-6682.567883771097,8812.828920009664,-4558.415879653578",IfcCartesianPoint,540
"9139.654523185805,-6984.555118369788,-4797.608816081867",IfcCartesianPoint,541
"8351.796269521772,-6364.279454359258,-3861.818856624916",IfcCartesianPoint,542
"7285.424859070728,-8112.705418216599,-4524.91610609586",IfcCartesianPoint,543
"9557.140472315017,-7294.871158790587,-5258.772193693139",IfcCartesianPoint,544
"-4369.332004766896,9513.19854843737,-4250.084615700224",IfcCartesianPoint,545
"-1760.997815476261,1762.946773984434,-550.410227495302",IfcCartesianPoint,546
"-6066.329365510796,5699.079936654454,-2133.814106145752",IfcCartesianPoint,547
"9700.838269573975,-3917.321614763726,-4411.873688193544",IfcCartesianPoint,548
"-608.9590431463612,7591.200177345038,-1373.015144219532",IfcCartesianPoint,549
"1386.347461430338,-812.5907085640747,-336.3141328247193",IfcCartesianPoint,550
"-159.8664969277952,7343.929619473493,-1200.705365213298",IfcCartesianPoint,551
"1407.61822000712,-812.6321683373851,-335.0823694758537",IfcCartesianPoint,552
"302.8149173872599,7087.614017306822,-1048.595476958142",IfcCartesianPoint,553
"-1791.013676873763,9592.413529245869,-3692.893366421125",IfcCartesianPoint,554
"2154.407709069787,7092.125731667175,-1022.107220335981",IfcCartesianPoint,555
"5380.720041752516,-4494.81647208719,-1397.635049543925",IfcCartesianPoint,556
"-143.0347877202532,8860.176875905123,-2378.646856716266",IfcCartesianPoint,557
"-6000.169098359464,6074.176153445856,-2243.362252642707",IfcCartesianPoint,558
"4893.487117192838,4899.255426712098,-536.9542019453668",IfcCartesianPoint,559
"2568.80432655222,7350.026158685313,-1182.948808417248",IfcCartesianPoint,560
"-3153.607358227913,3674.663178190641,-822.5898182841229",IfcCartesianPoint,561
"-130.3739152480709,9620.14410986342,-3585.196064426256",IfcCartesianPoint,562
"6634.086124577982,4319.648373054008,-896.9752470056964",IfcCartesianPoint,563
"2968.389503349871,7597.968939708897,-1379.872919381033",IfcCartesianPoint,564
"6335.097279826126,4747.471051170987,-894.8884455365646",IfcCartesianPoint,565
"6027.401256058291,5170.025115685325,-915.6075510965024",IfcCartesianPoint,566
"4527.869889311237,7251.608293281572,-1461.295944226856",IfcCartesianPoint,567
"-6908.473538339633,8020.526129545566,-4035.721781261937",IfcCartesianPoint,568
"7589.086532472429,4530.998172079164,-1544.962781857584",IfcCartesianPoint,569
"7641.623700281547,-6330.948621699324,-3383.548426120399",IfcCartesianPoint,570
"2119.049190319808,9622.25107029794,-3762.605571094528",IfcCartesianPoint,571
"-4591.82582889743,5876.115168018911,-1555.641880148403",IfcCartesianPoint,572
"5929.184768118654,7106.70024804742,-1908.472094740389",IfcCartesianPoint,573
"9711.300618802925,3799.369345074737,-4383.144904155465",IfcCartesianPoint,574
"1399.314128943759,967.0781893004116,-257.1947873799718",IfcCartesianPoint,575
"3829.368222152295,9591.515206158807,-4158.948467611554",IfcCartesianPoint,576
"8828.651890962212,6485.645616229329,-4110.413759986515",IfcCartesianPoint,577
"1420.779735619022,967.062556696673,-255.6514159483704",IfcCartesianPoint,578
"6472.865344379056,9481.113577480768,-5241.014627129291",IfcCartesianPoint,579
"8381.703785747313,9351.272106116408,-6385.870828924774",IfcCartesianPoint,580
"-9036.107820814677,-9529.985669034322,-4166.895338169856",IfcCartesianPoint,581
"-7347.575582025397,-9359.218562764385,-4156.317042159924",IfcCartesianPoint,582
"-4533.270051934584,6249.803131654132,-1659.998287672429",IfcCartesianPoint,583
"-9624.002641958772,-7298.752000497112,-4000.067268506961",IfcCartesianPoint,584
"6902.342567972857,-4555.809923323212,-1940.754880761671",IfcCartesianPoint,585
"-6922.056855235443,-9515.491651721186,-4269.470591340161",IfcCartesianPoint,586
"5601.187502695937,-2767.864076384398,-811.5826679146462",IfcCartesianPoint,587
"7894.998683055961,-9521.790408284196,-5763.770496889139",IfcCartesianPoint,588
"9455.584768300621,-9072.915672135241,-5815.126478778981",IfcCartesianPoint,589
"9178.485768461673,-4279.634300155475,-3671.174320172543",IfcCartesianPoint,590
"9324.186666145462,-4734.884809124759,-4048.885312215638",IfcCartesianPoint,591
"9830.788277424033,-5157.486856833348,-4966.4118258198",IfcCartesianPoint,592
"1665.05070196256,9121.39161957012,-2763.352590121962",IfcCartesianPoint,593
"-5633.363102914756,7725.179932584078,-2956.576388666666",IfcCartesianPoint,594
"2298.339699981307,8927.959099742553,-2568.543751393123",IfcCartesianPoint,595
"1396.364905848974,1816.707234439386,-248.7929245163959",IfcCartesianPoint,596
"2848.685249762852,9101.638365668776,-2930.661906698969",IfcCartesianPoint,597
"9193.937550469213,4599.933100552915,-3582.190226894245",IfcCartesianPoint,598
"-4420.487846568879,-9750.004218969363,-4685.26340386224",IfcCartesianPoint,599
"9146.720495151541,-6154.348584532127,-4427.543257864358",IfcCartesianPoint,600
"9150.412543745544,-5744.418092692188,-4248.728152406255",IfcCartesianPoint,601
"-2968.948210307458,6016.492972034615,-1153.513944167115",IfcCartesianPoint,602
"8559.110619038636,4091.224461996679,-2363.287912683371",IfcCartesianPoint,603
"8427.824164342102,4596.528776992746,-2409.765097789719",IfcCartesianPoint,604
"-5579.362920587285,-8904.648253624367,-3864.470620068953",IfcCartesianPoint,605
"7128.573573749509,-2851.411287848629,-1342.516293814027",IfcCartesianPoint,606
"-6504.798248984203,-7752.65941243589,-3159.954967936473",IfcCartesianPoint,607
"-6386.181640174596,-7578.878770790151,-3041.738447776917",IfcCartesianPoint,608
"-5706.918054471344,-7128.426072280232,-2675.298772020768",IfcCartesianPoint,609
"0.0,0.0",IfcCartesianPoint,2336
"250.0,0.0",IfcCartesianPoint,2337
"250.0,200.0",IfcCartesianPoint,2338
"500.0,200.0",IfcCartesianPoint,2339
"500.0,400.0",IfcCartesianPoint,2340
"0.0,400.0",IfcCartesianPoint,2341
"0.0,0.0,0.0",IfcCartesianPoint,2345
"5050.0,1000.0,0.0",IfcCartesianPoint,2352
"-500.0,-500.0",IfcCartesianPoint,2360
"500.0,-500.0",IfcCartesianPoint,2361
"500.0,500.0",IfcCartesianPoint,2362
"-500.0,500.0",IfcCartesianPoint,2363
"0.0,0.0,0.0",IfcCartesianPoint,2367
"4820.0,1600.0,0.0",IfcCartesianPoint,2374
"4800.0,1600.0,0.0",IfcCartesianPoint,2381
"460.0,0.0,0.0",IfcCartesianPoint,2386
"-40.0,-40.0",IfcCartesianPoint,2390
"40.0,-40.0",IfcCartesianPoint,2391
"40.0,40.0",IfcCartesianPoint,2392
"-40.0,40.0",IfcCartesianPoint,2393
"-460.0,0.0,0.0",IfcCartesianPoint,2400
"-40.0,-40.0",IfcCartesianPoint,2402
"40.0,-40.0",IfcCartesianPoint,2403
"40.0,40.0",IfcCartesianPoint,2404
"-40.0,40.0",IfcCartesianPoint,2405
"0.0,0.0,2120.0",IfcCartesianPoint,2412
"-500.0,-40.0",IfcCartesianPoint,2414
"500.0,-40.0",IfcCartesianPoint,2415
"500.0,40.0",IfcCartesianPoint,2416
"-500.0,40.0",IfcCartesianPoint,2417
"-430.0,-15.0",IfcCartesianPoint,2422
"430.0,-15.0",IfcCartesianPoint,2423
"430.0,15.0",IfcCartesianPoint,2424
"-430.0,15.0",IfcCartesianPoint,2425
"0.0,0.0,0.0",IfcCartesianPoint,2429
"-930.0,-45.0",IfcCartesianPoint,2447
"930.0,-45.0",IfcCartesianPoint,2448
"930.0,45.0",IfcCartesianPoint,2449
"-930.0,45.0",IfcCartesianPoint,2450
"0.0,0.0,0.0",IfcCartesianPoint,2454
"-45.0,-45.0",IfcCartesianPoint,2459
"45.0,-45.0",IfcCartesianPoint,2460
"45.0,45.0",IfcCartesianPoint,2461
"-45.0,45.0",IfcCartesianPoint,2462
"0.0,0.0,0.0",IfcCartesianPoint,2466
"-4900.0,-45.0,400.0",IfcCartesianPoint,2479
"-3130.0,-45.0,400.0",IfcCartesianPoint,2484
"-1360.0,-45.0,400.0",IfcCartesianPoint,2489
"2070.0,-45.0,400.0",IfcCartesianPoint,2494
"-4810.0,-45.0,400.0",IfcCartesianPoint,2499
"930.0,45.0,0.0",IfcCartesianPoint,2506
"930.0,45.0,1510.0",IfcCartesianPoint,2511
"45.0,45.0,90.0",IfcCartesianPoint,2516
"1815.0,45.0,90.0",IfcCartesianPoint,2521
"0.0,0.0,0.0",IfcCartesianPoint,2526
"0.0,0.0,0.0",IfcCartesianPoint,2529
"0.0,0.0,0.0",IfcCartesianPoint,2535
"0.0,0.0,0.0",IfcCartesianPoint,2543
"0.0,0.0,0.0",IfcCartesianPoint,2546
"0.0,0.0,0.0",IfcCartesianPoint,2552
"-840.0,-5.0",IfcCartesianPoint,2560
"840.0,-5.0",IfcCartesianPoint,2561
"840.0,5.0",IfcCartesianPoint,2562
"-840.0,5.0",IfcCartesianPoint,2563
"0.0,0.0,0.0",IfcCartesianPoint,2567
"930.0,45.0,90.0",IfcCartesianPoint,2574
"930.0,45.0,0.0",IfcCartesianPoint,2588
"930.0,45.0,1510.0",IfcCartesianPoint,2593
"45.0,45.0,90.0",IfcCartesianPoint,2598
"1815.0,45.0,90.0",IfcCartesianPoint,2603
"0.0,0.0,0.0",IfcCartesianPoint,2606
"0.0,0.0,0.0",IfcCartesianPoint,2612
"0.0,0.0,0.0",IfcCartesianPoint,2618
"0.0,0.0,0.0",IfcCartesianPoint,2624
"-840.0,-5.0",IfcCartesianPoint,2632
"840.0,-5.0",IfcCartesianPoint,2633
"840.0,5.0",IfcCartesianPoint,2634
"-840.0,5.0",IfcCartesianPoint,2635
"0.0,0.0,0.0",IfcCartesianPoint,2639
"930.0,45.0,90.0",IfcCartesianPoint,2646
"930.0,45.0,0.0",IfcCartesianPoint,2660
"930.0,45.0,1510.0",IfcCartesianPoint,2665
"45.0,45.0,90.0",IfcCartesianPoint,2670
"1815.0,45.0,90.0",IfcCartesianPoint,2675
"0.0,0.0,0.0",IfcCartesianPoint,2678
"0.0,0.0,0.0",IfcCartesianPoint,2684
"0.0,0.0,0.0",IfcCartesianPoint,2690
"0.0,0.0,0.0",IfcCartesianPoint,2696
"-840.0,-5.0",IfcCartesianPoint,2704
"840.0,-5.0",IfcCartesianPoint,2705
"840.0,5.0",IfcCartesianPoint,2706
"-840.0,5.0",IfcCartesianPoint,2707
"0.0,0.0,0.0",IfcCartesianPoint,2711
"930.0,45.0,90.0",IfcCartesianPoint,2718
"930.0,45.0,0.0",IfcCartesianPoint,2732
"930.0,45.0,1510.0",IfcCartesianPoint,2737
"45.0,45.0,90.0",IfcCartesianPoint,2742
"1815.0,45.0,90.0",IfcCartesianPoint,2747
"0.0,0.0,0.0",IfcCartesianPoint,2750
"0.0,0.0,0.0",IfcCartesianPoint,2756
"0.0,0.0,0.0",IfcCartesianPoint,2762
"0.0,0.0,0.0",IfcCartesianPoint,2768
"-840.0,-5.0",IfcCartesianPoint,2776
"840.0,-5.0",IfcCartesianPoint,2777
"840.0,5.0",IfcCartesianPoint,2778
"-840.0,5.0",IfcCartesianPoint,2779
"0.0,0.0,0.0",IfcCartesianPoint,2783
"930.0,45.0,90.0",IfcCartesianPoint,2790
"930.0,45.0,0.0",IfcCartesianPoint,2804
"930.0,45.0,1510.0",IfcCartesianPoint,2809
"45.0,45.0,90.0",IfcCartesianPoint,2814
"1815.0,45.0,90.0",IfcCartesianPoint,2819
"0.0,0.0,0.0",IfcCartesianPoint,2822
"0.0,0.0,0.0",IfcCartesianPoint,2828
"0.0,0.0,0.0",IfcCartesianPoint,2834
"0.0,0.0,0.0",IfcCartesianPoint,2840
"-840.0,-5.0",IfcCartesianPoint,2848
"840.0,-5.0",IfcCartesianPoint,2849
"840.0,5.0",IfcCartesianPoint,2850
"-840.0,5.0",IfcCartesianPoint,2851
"0.0,0.0,0.0",IfcCartesianPoint,2855
"930.0,45.0,90.0",IfcCartesianPoint,2862
